{
  "Packages": [
    {
      "Package": {
        "Id": "CreateReportLogsReusable",
        "Version": "1.0.3"
      },
      "Assemblies": [
        "C:\\Users\\robot001\\.nuget\\packages\\avalonedit/5.0.3\\lib/Net40/ICSharpCode.AvalonEdit.dll",
        "C:\\Users\\robot001\\.nuget\\packages\\bouncycastle/1.8.5\\lib/BouncyCastle.Crypto.dll",
        "C:\\Users\\robot001\\.nuget\\packages\\closedxml/0.87.1\\lib/net40/ClosedXML.dll",
        "C:\\Users\\robot001\\.nuget\\packages\\createreportlogsreusable/1.0.3\\lib/net45/CreateReportLogsReusable.dll",
        "C:\\Users\\robot001\\.nuget\\packages\\csvhelper/2.13.5\\lib/net40-client/CsvHelper.dll",
        "C:\\Users\\robot001\\.nuget\\packages\\documentformat.openxml/2.5.0\\lib/DocumentFormat.OpenXml.dll",
        "C:\\Users\\robot001\\.nuget\\packages\\extended.wpf.toolkit/2.8.0\\lib/net40/Xceed.Wpf.AvalonDock.Themes.Aero.dll",
        "C:\\Users\\robot001\\.nuget\\packages\\extended.wpf.toolkit/2.8.0\\lib/net40/Xceed.Wpf.AvalonDock.Themes.Metro.dll",
        "C:\\Users\\robot001\\.nuget\\packages\\extended.wpf.toolkit/2.8.0\\lib/net40/Xceed.Wpf.AvalonDock.Themes.VS2010.dll",
        "C:\\Users\\robot001\\.nuget\\packages\\extended.wpf.toolkit/2.8.0\\lib/net40/Xceed.Wpf.AvalonDock.dll",
        "C:\\Users\\robot001\\.nuget\\packages\\extended.wpf.toolkit/2.8.0\\lib/net40/Xceed.Wpf.DataGrid.dll",
        "C:\\Users\\robot001\\.nuget\\packages\\extended.wpf.toolkit/2.8.0\\lib/net40/Xceed.Wpf.Toolkit.dll",
        "C:\\Users\\robot001\\.nuget\\packages\\google.apis/1.44.0\\lib/net45/Google.Apis.PlatformServices.dll",
        "C:\\Users\\robot001\\.nuget\\packages\\google.apis/1.44.0\\lib/net45/Google.Apis.dll",
        "C:\\Users\\robot001\\.nuget\\packages\\google.apis.auth/1.44.0\\lib/net45/Google.Apis.Auth.PlatformServices.dll",
        "C:\\Users\\robot001\\.nuget\\packages\\google.apis.auth/1.44.0\\lib/net45/Google.Apis.Auth.dll",
        "C:\\Users\\robot001\\.nuget\\packages\\google.apis.calendar.v3/1.44.0.1872\\lib/net45/Google.Apis.Calendar.v3.dll",
        "C:\\Users\\robot001\\.nuget\\packages\\google.apis.core/1.44.0\\lib/net45/Google.Apis.Core.dll",
        "C:\\Users\\robot001\\.nuget\\packages\\google.apis.docs.v1/1.44.0.1877\\lib/net45/Google.Apis.Docs.v1.dll",
        "C:\\Users\\robot001\\.nuget\\packages\\google.apis.drive.v3/1.44.0.1863\\lib/net45/Google.Apis.Drive.v3.dll",
        "C:\\Users\\robot001\\.nuget\\packages\\google.apis.gmail.v1/1.44.0.1859\\lib/net45/Google.Apis.Gmail.v1.dll",
        "C:\\Users\\robot001\\.nuget\\packages\\google.apis.sheets.v4/1.44.0.1877\\lib/net45/Google.Apis.Sheets.v4.dll",
        "C:\\Users\\robot001\\.nuget\\packages\\humanizer.core/2.4.2\\lib/netstandard2.0/Humanizer.dll",
        "C:\\Users\\robot001\\.nuget\\packages\\interop.domino.dll/1.0.0\\lib/Interop.Domino.dll",
        "C:\\Users\\robot001\\.nuget\\packages\\microsoft.applicationinsights/2.3.0\\lib/net46/Microsoft.ApplicationInsights.dll",
        "C:\\Users\\robot001\\.nuget\\packages\\microsoft.aspnet.signalr.client/2.4.0\\lib/net45/Microsoft.AspNet.SignalR.Client.dll",
        "C:\\Users\\robot001\\.nuget\\packages\\microsoft.exchange.webservices/2.2.0\\lib/40/Microsoft.Exchange.WebServices.Auth.dll",
        "C:\\Users\\robot001\\.nuget\\packages\\microsoft.exchange.webservices/2.2.0\\lib/40/Microsoft.Exchange.WebServices.dll",
        "C:\\Users\\robot001\\.nuget\\packages\\microsoft.rest.clientruntime/2.3.20\\lib/net461/Microsoft.Rest.ClientRuntime.dll",
        "C:\\Users\\robot001\\.nuget\\packages\\microsoft.visualstudio.ole.interop/7.10.6071\\lib/Microsoft.VisualStudio.OLE.Interop.dll",
        "C:\\Users\\robot001\\.nuget\\packages\\mimekit/2.5.1\\lib/net46/MimeKit.dll",
        "C:\\Users\\robot001\\.nuget\\packages\\newtonsoft.json/12.0.3\\lib/net45/Newtonsoft.Json.dll",
        "C:\\Users\\robot001\\.nuget\\packages\\nodatime/2.4.7\\lib/net45/NodaTime.dll",
        "C:\\Users\\robot001\\.nuget\\packages\\npoi/2.4.1\\lib/net45/NPOI.OOXML.dll",
        "C:\\Users\\robot001\\.nuget\\packages\\npoi/2.4.1\\lib/net45/NPOI.OpenXml4Net.dll",
        "C:\\Users\\robot001\\.nuget\\packages\\npoi/2.4.1\\lib/net45/NPOI.OpenXmlFormats.dll",
        "C:\\Users\\robot001\\.nuget\\packages\\npoi/2.4.1\\lib/net45/NPOI.dll",
        "C:\\Users\\robot001\\.nuget\\packages\\sharpziplib/1.0.0\\lib/net45/ICSharpCode.SharpZipLib.dll",
        "C:\\Users\\robot001\\.nuget\\packages\\system.valuetuple/4.5.0\\lib/net461/System.ValueTuple.dll",
        "C:\\Users\\robot001\\.nuget\\packages\\uipath/19.10.7275.19994\\lib/UiPath.Interop.dll",
        "C:\\Users\\robot001\\.nuget\\packages\\uipath.excel.activities/2.7.2\\lib/net461/UiPath.Excel.Activities.Design.dll",
        "C:\\Users\\robot001\\.nuget\\packages\\uipath.excel.activities/2.7.2\\lib/net461/UiPath.Excel.Activities.dll",
        "C:\\Users\\robot001\\.nuget\\packages\\uipath.excel.activities/2.7.2\\lib/net461/UiPath.Excel.dll",
        "C:\\Users\\robot001\\.nuget\\packages\\uipath.gsuite.activities/1.4.2\\lib/net461/UiPath.GSuite.Activities.Design.dll",
        "C:\\Users\\robot001\\.nuget\\packages\\uipath.gsuite.activities/1.4.2\\lib/net461/UiPath.GSuite.Activities.dll",
        "C:\\Users\\robot001\\.nuget\\packages\\uipath.gsuite.activities/1.4.2\\lib/net461/UiPath.GSuite.dll",
        "C:\\Users\\robot001\\.nuget\\packages\\uipath.gsuite.activities/1.4.2\\lib/net461/UiPath.Orchestrator.dll",
        "C:\\Users\\robot001\\.nuget\\packages\\uipath.mail.activities/1.7.2\\lib/net461/MailKit.dll",
        "C:\\Users\\robot001\\.nuget\\packages\\uipath.mail.activities/1.7.2\\lib/net461/MimeKit.dll",
        "C:\\Users\\robot001\\.nuget\\packages\\uipath.mail.activities/1.7.2\\lib/net461/UiPath.Mail.Activities.Design.dll",
        "C:\\Users\\robot001\\.nuget\\packages\\uipath.mail.activities/1.7.2\\lib/net461/UiPath.Mail.Activities.dll",
        "C:\\Users\\robot001\\.nuget\\packages\\uipath.mail.activities/1.7.2\\lib/net461/UiPath.Mail.dll",
        "C:\\Users\\robot001\\.nuget\\packages\\uipath.ocr.contracts/2.2.1\\lib/net45/UiPath.OCR.Contracts.dll",
        "C:\\Users\\robot001\\.nuget\\packages\\uipath.system.activities/19.10.1\\lib/net461/ActiproSoftware.Docking.Wpf.dll",
        "C:\\Users\\robot001\\.nuget\\packages\\uipath.system.activities/19.10.1\\lib/net461/ActiproSoftware.Ribbon.Wpf.dll",
        "C:\\Users\\robot001\\.nuget\\packages\\uipath.system.activities/19.10.1\\lib/net461/ActiproSoftware.Shared.Wpf.dll",
        "C:\\Users\\robot001\\.nuget\\packages\\uipath.system.activities/19.10.1\\lib/net461/ActiproSoftware.SyntaxEditor.Addons.DotNet.Wpf.dll",
        "C:\\Users\\robot001\\.nuget\\packages\\uipath.system.activities/19.10.1\\lib/net461/ActiproSoftware.SyntaxEditor.Wpf.dll",
        "C:\\Users\\robot001\\.nuget\\packages\\uipath.system.activities/19.10.1\\lib/net461/ActiproSoftware.Text.Addons.DotNet.Wpf.dll",
        "C:\\Users\\robot001\\.nuget\\packages\\uipath.system.activities/19.10.1\\lib/net461/ActiproSoftware.Text.LLParser.Wpf.dll",
        "C:\\Users\\robot001\\.nuget\\packages\\uipath.system.activities/19.10.1\\lib/net461/ActiproSoftware.Text.Wpf.dll",
        "C:\\Users\\robot001\\.nuget\\packages\\uipath.system.activities/19.10.1\\lib/net461/ActiproSoftware.Wizard.Wpf.dll",
        "C:\\Users\\robot001\\.nuget\\packages\\uipath.system.activities/19.10.1\\lib/net461/UiPath.OrchestratorClient.dll",
        "C:\\Users\\robot001\\.nuget\\packages\\uipath.system.activities/19.10.1\\lib/net461/UiPath.System.Activities.Design.dll",
        "C:\\Users\\robot001\\.nuget\\packages\\uipath.system.activities/19.10.1\\lib/net461/UiPath.System.Activities.dll",
        "C:\\Users\\robot001\\.nuget\\packages\\uipath.uiautomation.activities/19.11.0\\lib/net461/ActiproSoftware.DataGrid.Contrib.Wpf.dll",
        "C:\\Users\\robot001\\.nuget\\packages\\uipath.uiautomation.activities/19.11.0\\lib/net461/ActiproSoftware.Docking.Wpf.dll",
        "C:\\Users\\robot001\\.nuget\\packages\\uipath.uiautomation.activities/19.11.0\\lib/net461/ActiproSoftware.Editors.Wpf.dll",
        "C:\\Users\\robot001\\.nuget\\packages\\uipath.uiautomation.activities/19.11.0\\lib/net461/ActiproSoftware.Ribbon.Wpf.dll",
        "C:\\Users\\robot001\\.nuget\\packages\\uipath.uiautomation.activities/19.11.0\\lib/net461/ActiproSoftware.Shared.Wpf.dll",
        "C:\\Users\\robot001\\.nuget\\packages\\uipath.uiautomation.activities/19.11.0\\lib/net461/ActiproSoftware.SyntaxEditor.Addons.DotNet.Wpf.dll",
        "C:\\Users\\robot001\\.nuget\\packages\\uipath.uiautomation.activities/19.11.0\\lib/net461/ActiproSoftware.SyntaxEditor.Wpf.dll",
        "C:\\Users\\robot001\\.nuget\\packages\\uipath.uiautomation.activities/19.11.0\\lib/net461/ActiproSoftware.Text.Addons.DotNet.Wpf.dll",
        "C:\\Users\\robot001\\.nuget\\packages\\uipath.uiautomation.activities/19.11.0\\lib/net461/ActiproSoftware.Text.LLParser.Wpf.dll",
        "C:\\Users\\robot001\\.nuget\\packages\\uipath.uiautomation.activities/19.11.0\\lib/net461/ActiproSoftware.Text.Wpf.dll",
        "C:\\Users\\robot001\\.nuget\\packages\\uipath.uiautomation.activities/19.11.0\\lib/net461/ActiproSoftware.Wizard.Wpf.dll",
        "C:\\Users\\robot001\\.nuget\\packages\\uipath.uiautomation.activities/19.11.0\\lib/net461/UiPath.CV.Activities.Design.dll",
        "C:\\Users\\robot001\\.nuget\\packages\\uipath.uiautomation.activities/19.11.0\\lib/net461/UiPath.CV.Activities.dll",
        "C:\\Users\\robot001\\.nuget\\packages\\uipath.uiautomation.activities/19.11.0\\lib/net461/UiPath.CV.dll",
        "C:\\Users\\robot001\\.nuget\\packages\\uipath.uiautomation.activities/19.11.0\\lib/net461/UiPath.UIAutomation.Activities.Design.dll",
        "C:\\Users\\robot001\\.nuget\\packages\\uipath.uiautomation.activities/19.11.0\\lib/net461/UiPath.UiAutomation.Activities.dll",
        "C:\\Users\\robot001\\.nuget\\packages\\uipath.uiautomation.activities/19.11.0\\lib/net461/UiPath.Wizards.dll",
        "C:\\Users\\robot001\\.nuget\\packages\\uipath.vision/2.0.0\\lib/net452/UiPath.Vision.AzureComputerVision.dll",
        "C:\\Users\\robot001\\.nuget\\packages\\uipath.vision/2.0.0\\lib/net452/UiPath.Vision.Core.dll",
        "C:\\Users\\robot001\\.nuget\\packages\\uipath.vision/2.0.0\\lib/net452/UiPath.Vision.GoogleCloud.dll",
        "C:\\Users\\robot001\\.nuget\\packages\\uipath.vision/2.0.0\\lib/net452/UiPath.Vision.Microsoft.dll",
        "C:\\Users\\robot001\\.nuget\\packages\\uipath.vision/2.0.0\\lib/net452/UiPath.Vision.MicrosoftCloud.dll",
        "C:\\Users\\robot001\\.nuget\\packages\\uipath.vision/2.0.0\\lib/net452/UiPath.Vision.Tesseract.dll",
        "C:\\Users\\robot001\\.nuget\\packages\\uipath.vision/2.0.0\\lib/net452/UiPath.Vision.dll"
      ],
      "Path": "C:\\Users\\robot001\\.nuget\\packages\\createreportlogsreusable\\1.0.3"
    },
    {
      "Package": {
        "Id": "UiPath.Credentials.Activities",
        "Version": "1.1.6479.13204"
      },
      "Assemblies": [
        "C:\\Users\\robot001\\.nuget\\packages\\credentialmanagement/1.0.2\\lib/net35/CredentialManagement.dll",
        "C:\\Users\\robot001\\.nuget\\packages\\uipath.credentials.activities/1.1.6479.13204\\lib/net40-client/UiPath.Credentials.Activities.dll"
      ],
      "Path": "C:\\Users\\robot001\\.nuget\\packages\\uipath.credentials.activities\\1.1.6479.13204"
    },
    {
      "Package": {
        "Id": "UiPath.Excel.Activities",
        "Version": "2.7.2"
      },
      "Assemblies": [
        "C:\\Users\\robot001\\.nuget\\packages\\closedxml/0.87.1\\lib/net40/ClosedXML.dll",
        "C:\\Users\\robot001\\.nuget\\packages\\csvhelper/2.13.5\\lib/net40-client/CsvHelper.dll",
        "C:\\Users\\robot001\\.nuget\\packages\\documentformat.openxml/2.5.0\\lib/DocumentFormat.OpenXml.dll",
        "C:\\Users\\robot001\\.nuget\\packages\\microsoft.visualstudio.ole.interop/7.10.6071\\lib/Microsoft.VisualStudio.OLE.Interop.dll",
        "C:\\Users\\robot001\\.nuget\\packages\\npoi/2.4.1\\lib/net45/NPOI.OOXML.dll",
        "C:\\Users\\robot001\\.nuget\\packages\\npoi/2.4.1\\lib/net45/NPOI.OpenXml4Net.dll",
        "C:\\Users\\robot001\\.nuget\\packages\\npoi/2.4.1\\lib/net45/NPOI.OpenXmlFormats.dll",
        "C:\\Users\\robot001\\.nuget\\packages\\npoi/2.4.1\\lib/net45/NPOI.dll",
        "C:\\Users\\robot001\\.nuget\\packages\\sharpziplib/1.0.0\\lib/net45/ICSharpCode.SharpZipLib.dll",
        "C:\\Users\\robot001\\.nuget\\packages\\uipath.excel.activities/2.7.2\\lib/net461/UiPath.Excel.Activities.Design.dll",
        "C:\\Users\\robot001\\.nuget\\packages\\uipath.excel.activities/2.7.2\\lib/net461/UiPath.Excel.Activities.dll",
        "C:\\Users\\robot001\\.nuget\\packages\\uipath.excel.activities/2.7.2\\lib/net461/UiPath.Excel.dll"
      ],
      "Path": "C:\\Users\\robot001\\.nuget\\packages\\uipath.excel.activities\\2.7.2"
    },
    {
      "Package": {
        "Id": "UiPath.Java.Activities",
        "Version": "1.0.7053.27728"
      },
      "Assemblies": [
        "C:\\Users\\robot001\\.nuget\\packages\\uipath.java.activities/1.0.7053.27728\\lib/net452/UiPath.Java.Activities.Design.dll",
        "C:\\Users\\robot001\\.nuget\\packages\\uipath.java.activities/1.0.7053.27728\\lib/net452/UiPath.Java.Activities.dll",
        "C:\\Users\\robot001\\.nuget\\packages\\uipath.java.activities/1.0.7053.27728\\lib/net452/UiPath.Java.dll"
      ],
      "Path": "C:\\Users\\robot001\\.nuget\\packages\\uipath.java.activities\\1.0.7053.27728"
    },
    {
      "Package": {
        "Id": "UiPath.Mail.Activities",
        "Version": "1.7.2"
      },
      "Assemblies": [
        "C:\\Users\\robot001\\.nuget\\packages\\bouncycastle/1.8.5\\lib/BouncyCastle.Crypto.dll",
        "C:\\Users\\robot001\\.nuget\\packages\\interop.domino.dll/1.0.0\\lib/Interop.Domino.dll",
        "C:\\Users\\robot001\\.nuget\\packages\\microsoft.exchange.webservices/2.2.0\\lib/40/Microsoft.Exchange.WebServices.Auth.dll",
        "C:\\Users\\robot001\\.nuget\\packages\\microsoft.exchange.webservices/2.2.0\\lib/40/Microsoft.Exchange.WebServices.dll",
        "C:\\Users\\robot001\\.nuget\\packages\\system.valuetuple/4.5.0\\lib/net461/System.ValueTuple.dll",
        "C:\\Users\\robot001\\.nuget\\packages\\uipath.mail.activities/1.7.2\\lib/net461/MailKit.dll",
        "C:\\Users\\robot001\\.nuget\\packages\\uipath.mail.activities/1.7.2\\lib/net461/MimeKit.dll",
        "C:\\Users\\robot001\\.nuget\\packages\\uipath.mail.activities/1.7.2\\lib/net461/UiPath.Mail.Activities.Design.dll",
        "C:\\Users\\robot001\\.nuget\\packages\\uipath.mail.activities/1.7.2\\lib/net461/UiPath.Mail.Activities.dll",
        "C:\\Users\\robot001\\.nuget\\packages\\uipath.mail.activities/1.7.2\\lib/net461/UiPath.Mail.dll"
      ],
      "Path": "C:\\Users\\robot001\\.nuget\\packages\\uipath.mail.activities\\1.7.2"
    },
    {
      "Package": {
        "Id": "UiPath.System.Activities",
        "Version": "19.10.1"
      },
      "Assemblies": [
        "C:\\Users\\robot001\\.nuget\\packages\\csvhelper/2.13.5\\lib/net40-client/CsvHelper.dll",
        "C:\\Users\\robot001\\.nuget\\packages\\microsoft.aspnet.signalr.client/2.4.0\\lib/net45/Microsoft.AspNet.SignalR.Client.dll",
        "C:\\Users\\robot001\\.nuget\\packages\\microsoft.rest.clientruntime/2.3.20\\lib/net461/Microsoft.Rest.ClientRuntime.dll",
        "C:\\Users\\robot001\\.nuget\\packages\\newtonsoft.json/12.0.3\\lib/net45/Newtonsoft.Json.dll",
        "C:\\Users\\robot001\\.nuget\\packages\\uipath.system.activities/19.10.1\\lib/net461/ActiproSoftware.Docking.Wpf.dll",
        "C:\\Users\\robot001\\.nuget\\packages\\uipath.system.activities/19.10.1\\lib/net461/ActiproSoftware.Ribbon.Wpf.dll",
        "C:\\Users\\robot001\\.nuget\\packages\\uipath.system.activities/19.10.1\\lib/net461/ActiproSoftware.Shared.Wpf.dll",
        "C:\\Users\\robot001\\.nuget\\packages\\uipath.system.activities/19.10.1\\lib/net461/ActiproSoftware.SyntaxEditor.Addons.DotNet.Wpf.dll",
        "C:\\Users\\robot001\\.nuget\\packages\\uipath.system.activities/19.10.1\\lib/net461/ActiproSoftware.SyntaxEditor.Wpf.dll",
        "C:\\Users\\robot001\\.nuget\\packages\\uipath.system.activities/19.10.1\\lib/net461/ActiproSoftware.Text.Addons.DotNet.Wpf.dll",
        "C:\\Users\\robot001\\.nuget\\packages\\uipath.system.activities/19.10.1\\lib/net461/ActiproSoftware.Text.LLParser.Wpf.dll",
        "C:\\Users\\robot001\\.nuget\\packages\\uipath.system.activities/19.10.1\\lib/net461/ActiproSoftware.Text.Wpf.dll",
        "C:\\Users\\robot001\\.nuget\\packages\\uipath.system.activities/19.10.1\\lib/net461/ActiproSoftware.Wizard.Wpf.dll",
        "C:\\Users\\robot001\\.nuget\\packages\\uipath.system.activities/19.10.1\\lib/net461/UiPath.OrchestratorClient.dll",
        "C:\\Users\\robot001\\.nuget\\packages\\uipath.system.activities/19.10.1\\lib/net461/UiPath.System.Activities.Design.dll",
        "C:\\Users\\robot001\\.nuget\\packages\\uipath.system.activities/19.10.1\\lib/net461/UiPath.System.Activities.dll"
      ],
      "Path": "C:\\Users\\robot001\\.nuget\\packages\\uipath.system.activities\\19.10.1"
    },
    {
      "Package": {
        "Id": "UiPath.UIAutomation.Activities",
        "Version": "19.11.0"
      },
      "Assemblies": [
        "C:\\Users\\robot001\\.nuget\\packages\\avalonedit/5.0.3\\lib/Net40/ICSharpCode.AvalonEdit.dll",
        "C:\\Users\\robot001\\.nuget\\packages\\extended.wpf.toolkit/2.8.0\\lib/net40/Xceed.Wpf.AvalonDock.Themes.Aero.dll",
        "C:\\Users\\robot001\\.nuget\\packages\\extended.wpf.toolkit/2.8.0\\lib/net40/Xceed.Wpf.AvalonDock.Themes.Metro.dll",
        "C:\\Users\\robot001\\.nuget\\packages\\extended.wpf.toolkit/2.8.0\\lib/net40/Xceed.Wpf.AvalonDock.Themes.VS2010.dll",
        "C:\\Users\\robot001\\.nuget\\packages\\extended.wpf.toolkit/2.8.0\\lib/net40/Xceed.Wpf.AvalonDock.dll",
        "C:\\Users\\robot001\\.nuget\\packages\\extended.wpf.toolkit/2.8.0\\lib/net40/Xceed.Wpf.DataGrid.dll",
        "C:\\Users\\robot001\\.nuget\\packages\\extended.wpf.toolkit/2.8.0\\lib/net40/Xceed.Wpf.Toolkit.dll",
        "C:\\Users\\robot001\\.nuget\\packages\\humanizer.core/2.4.2\\lib/netstandard2.0/Humanizer.dll",
        "C:\\Users\\robot001\\.nuget\\packages\\newtonsoft.json/12.0.3\\lib/net45/Newtonsoft.Json.dll",
        "C:\\Users\\robot001\\.nuget\\packages\\uipath/19.10.7275.19994\\lib/UiPath.Interop.dll",
        "C:\\Users\\robot001\\.nuget\\packages\\uipath.ocr.contracts/2.2.1\\lib/net45/UiPath.OCR.Contracts.dll",
        "C:\\Users\\robot001\\.nuget\\packages\\uipath.uiautomation.activities/19.11.0\\lib/net461/ActiproSoftware.DataGrid.Contrib.Wpf.dll",
        "C:\\Users\\robot001\\.nuget\\packages\\uipath.uiautomation.activities/19.11.0\\lib/net461/ActiproSoftware.Docking.Wpf.dll",
        "C:\\Users\\robot001\\.nuget\\packages\\uipath.uiautomation.activities/19.11.0\\lib/net461/ActiproSoftware.Editors.Wpf.dll",
        "C:\\Users\\robot001\\.nuget\\packages\\uipath.uiautomation.activities/19.11.0\\lib/net461/ActiproSoftware.Ribbon.Wpf.dll",
        "C:\\Users\\robot001\\.nuget\\packages\\uipath.uiautomation.activities/19.11.0\\lib/net461/ActiproSoftware.Shared.Wpf.dll",
        "C:\\Users\\robot001\\.nuget\\packages\\uipath.uiautomation.activities/19.11.0\\lib/net461/ActiproSoftware.SyntaxEditor.Addons.DotNet.Wpf.dll",
        "C:\\Users\\robot001\\.nuget\\packages\\uipath.uiautomation.activities/19.11.0\\lib/net461/ActiproSoftware.SyntaxEditor.Wpf.dll",
        "C:\\Users\\robot001\\.nuget\\packages\\uipath.uiautomation.activities/19.11.0\\lib/net461/ActiproSoftware.Text.Addons.DotNet.Wpf.dll",
        "C:\\Users\\robot001\\.nuget\\packages\\uipath.uiautomation.activities/19.11.0\\lib/net461/ActiproSoftware.Text.LLParser.Wpf.dll",
        "C:\\Users\\robot001\\.nuget\\packages\\uipath.uiautomation.activities/19.11.0\\lib/net461/ActiproSoftware.Text.Wpf.dll",
        "C:\\Users\\robot001\\.nuget\\packages\\uipath.uiautomation.activities/19.11.0\\lib/net461/ActiproSoftware.Wizard.Wpf.dll",
        "C:\\Users\\robot001\\.nuget\\packages\\uipath.uiautomation.activities/19.11.0\\lib/net461/UiPath.CV.Activities.Design.dll",
        "C:\\Users\\robot001\\.nuget\\packages\\uipath.uiautomation.activities/19.11.0\\lib/net461/UiPath.CV.Activities.dll",
        "C:\\Users\\robot001\\.nuget\\packages\\uipath.uiautomation.activities/19.11.0\\lib/net461/UiPath.CV.dll",
        "C:\\Users\\robot001\\.nuget\\packages\\uipath.uiautomation.activities/19.11.0\\lib/net461/UiPath.UIAutomation.Activities.Design.dll",
        "C:\\Users\\robot001\\.nuget\\packages\\uipath.uiautomation.activities/19.11.0\\lib/net461/UiPath.UiAutomation.Activities.dll",
        "C:\\Users\\robot001\\.nuget\\packages\\uipath.uiautomation.activities/19.11.0\\lib/net461/UiPath.Wizards.dll",
        "C:\\Users\\robot001\\.nuget\\packages\\uipath.vision/2.0.0\\lib/net452/UiPath.Vision.AzureComputerVision.dll",
        "C:\\Users\\robot001\\.nuget\\packages\\uipath.vision/2.0.0\\lib/net452/UiPath.Vision.Core.dll",
        "C:\\Users\\robot001\\.nuget\\packages\\uipath.vision/2.0.0\\lib/net452/UiPath.Vision.GoogleCloud.dll",
        "C:\\Users\\robot001\\.nuget\\packages\\uipath.vision/2.0.0\\lib/net452/UiPath.Vision.Microsoft.dll",
        "C:\\Users\\robot001\\.nuget\\packages\\uipath.vision/2.0.0\\lib/net452/UiPath.Vision.MicrosoftCloud.dll",
        "C:\\Users\\robot001\\.nuget\\packages\\uipath.vision/2.0.0\\lib/net452/UiPath.Vision.Tesseract.dll",
        "C:\\Users\\robot001\\.nuget\\packages\\uipath.vision/2.0.0\\lib/net452/UiPath.Vision.dll"
      ],
      "Path": "C:\\Users\\robot001\\.nuget\\packages\\uipath.uiautomation.activities\\19.11.0"
    },
    {
      "Package": {
        "Id": "UiPathTeam.Excel.Extensions.Activities",
        "Version": "1.0.7107.42453"
      },
      "Assemblies": [
        "C:\\Users\\robot001\\.nuget\\packages\\uipathteam.excel.extensions.activities/1.0.7107.42453\\lib/net451/Excel.Activites.Design.dll",
        "C:\\Users\\robot001\\.nuget\\packages\\uipathteam.excel.extensions.activities/1.0.7107.42453\\lib/net451/Excel.Activities.dll"
      ],
      "Path": "C:\\Users\\robot001\\.nuget\\packages\\uipathteam.excel.extensions.activities\\1.0.7107.42453"
    }
  ],
  "Conflicts": [],
  "ResolvedDependencies": {
    "AvalonEdit": {
      "Id": "AvalonEdit",
      "Version": "5.0.3",
      "Dependencies": []
    },
    "BouncyCastle": {
      "Id": "BouncyCastle",
      "Version": "1.8.5",
      "Dependencies": []
    },
    "ClosedXML": {
      "Id": "ClosedXML",
      "Version": "0.87.1",
      "Dependencies": [
        {
          "Item1": "DocumentFormat.OpenXml",
          "Item2": "[2.5.0, )"
        }
      ]
    },
    "CreateReportLogsReusable": {
      "Id": "CreateReportLogsReusable",
      "Version": "1.0.3",
      "Dependencies": [
        {
          "Item1": "UiPath.Excel.Activities",
          "Item2": "[2.7.2, )"
        },
        {
          "Item1": "UiPath.GSuite.Activities",
          "Item2": "[1.4.2, )"
        },
        {
          "Item1": "UiPath.Mail.Activities",
          "Item2": "[1.7.2, )"
        },
        {
          "Item1": "UiPath.System.Activities",
          "Item2": "[19.10.1, )"
        },
        {
          "Item1": "UiPath.UIAutomation.Activities",
          "Item2": "[19.11.0, )"
        }
      ]
    },
    "CredentialManagement": {
      "Id": "CredentialManagement",
      "Version": "1.0.2",
      "Dependencies": []
    },
    "CsvHelper": {
      "Id": "CsvHelper",
      "Version": "2.13.5",
      "Dependencies": []
    },
    "DocumentFormat.OpenXml": {
      "Id": "DocumentFormat.OpenXml",
      "Version": "2.5.0",
      "Dependencies": []
    },
    "Extended.Wpf.Toolkit": {
      "Id": "Extended.Wpf.Toolkit",
      "Version": "2.8.0",
      "Dependencies": []
    },
    "Google.Apis": {
      "Id": "Google.Apis",
      "Version": "1.44.0",
      "Dependencies": [
        {
          "Item1": "Google.Apis.Core",
          "Item2": "[1.44.0, )"
        }
      ]
    },
    "Google.Apis.Auth": {
      "Id": "Google.Apis.Auth",
      "Version": "1.44.0",
      "Dependencies": [
        {
          "Item1": "Google.Apis.Core",
          "Item2": "[1.44.0, )"
        },
        {
          "Item1": "Google.Apis",
          "Item2": "[1.44.0, )"
        }
      ]
    },
    "Google.Apis.Calendar.v3": {
      "Id": "Google.Apis.Calendar.v3",
      "Version": "1.44.0.1872",
      "Dependencies": [
        {
          "Item1": "Google.Apis",
          "Item2": "[1.44.0, )"
        },
        {
          "Item1": "Google.Apis.Auth",
          "Item2": "[1.44.0, )"
        }
      ]
    },
    "Google.Apis.Core": {
      "Id": "Google.Apis.Core",
      "Version": "1.44.0",
      "Dependencies": [
        {
          "Item1": "Newtonsoft.Json",
          "Item2": "[12.0.3, )"
        }
      ]
    },
    "Google.Apis.Docs.v1": {
      "Id": "Google.Apis.Docs.v1",
      "Version": "1.44.0.1877",
      "Dependencies": [
        {
          "Item1": "Google.Apis",
          "Item2": "[1.44.0, )"
        },
        {
          "Item1": "Google.Apis.Auth",
          "Item2": "[1.44.0, )"
        }
      ]
    },
    "Google.Apis.Drive.v3": {
      "Id": "Google.Apis.Drive.v3",
      "Version": "1.44.0.1863",
      "Dependencies": [
        {
          "Item1": "Google.Apis",
          "Item2": "[1.44.0, )"
        },
        {
          "Item1": "Google.Apis.Auth",
          "Item2": "[1.44.0, )"
        }
      ]
    },
    "Google.Apis.Gmail.v1": {
      "Id": "Google.Apis.Gmail.v1",
      "Version": "1.44.0.1859",
      "Dependencies": [
        {
          "Item1": "Google.Apis",
          "Item2": "[1.44.0, )"
        },
        {
          "Item1": "Google.Apis.Auth",
          "Item2": "[1.44.0, )"
        }
      ]
    },
    "Google.Apis.Sheets.v4": {
      "Id": "Google.Apis.Sheets.v4",
      "Version": "1.44.0.1877",
      "Dependencies": [
        {
          "Item1": "Google.Apis",
          "Item2": "[1.44.0, )"
        },
        {
          "Item1": "Google.Apis.Auth",
          "Item2": "[1.44.0, )"
        }
      ]
    },
    "Humanizer.Core": {
      "Id": "Humanizer.Core",
      "Version": "2.4.2",
      "Dependencies": []
    },
    "interop.domino.dll": {
      "Id": "interop.domino.dll",
      "Version": "1.0.0",
      "Dependencies": []
    },
    "Microsoft.ApplicationInsights": {
      "Id": "Microsoft.ApplicationInsights",
      "Version": "2.3.0",
      "Dependencies": []
    },
    "Microsoft.AspNet.SignalR.Client": {
      "Id": "Microsoft.AspNet.SignalR.Client",
      "Version": "2.4.0",
      "Dependencies": [
        {
          "Item1": "Newtonsoft.Json",
          "Item2": "[6.0.4, )"
        }
      ]
    },
    "Microsoft.Exchange.WebServices": {
      "Id": "Microsoft.Exchange.WebServices",
      "Version": "2.2.0",
      "Dependencies": []
    },
    "Microsoft.Rest.ClientRuntime": {
      "Id": "Microsoft.Rest.ClientRuntime",
      "Version": "2.3.20",
      "Dependencies": [
        {
          "Item1": "Newtonsoft.Json",
          "Item2": "[10.0.3, )"
        }
      ]
    },
    "Microsoft.VisualStudio.OLE.Interop": {
      "Id": "Microsoft.VisualStudio.OLE.Interop",
      "Version": "7.10.6071",
      "Dependencies": []
    },
    "MimeKit": {
      "Id": "MimeKit",
      "Version": "2.5.1",
      "Dependencies": [
        {
          "Item1": "BouncyCastle",
          "Item2": "[1.8.5, )"
        }
      ]
    },
    "Newtonsoft.Json": {
      "Id": "Newtonsoft.Json",
      "Version": "12.0.3",
      "Dependencies": []
    },
    "NodaTime": {
      "Id": "NodaTime",
      "Version": "2.4.7",
      "Dependencies": []
    },
    "NPOI": {
      "Id": "NPOI",
      "Version": "2.4.1",
      "Dependencies": [
        {
          "Item1": "SharpZipLib",
          "Item2": "[1.0.0, )"
        }
      ]
    },
    "SharpZipLib": {
      "Id": "SharpZipLib",
      "Version": "1.0.0",
      "Dependencies": []
    },
    "System.ValueTuple": {
      "Id": "System.ValueTuple",
      "Version": "4.5.0",
      "Dependencies": []
    },
    "UiPath": {
      "Id": "UiPath",
      "Version": "19.10.7275.19994",
      "Dependencies": []
    },
    "UiPath.Credentials.Activities": {
      "Id": "UiPath.Credentials.Activities",
      "Version": "1.1.6479.13204",
      "Dependencies": [
        {
          "Item1": "CredentialManagement",
          "Item2": "[1.0.2, )"
        }
      ]
    },
    "UiPath.Excel.Activities": {
      "Id": "UiPath.Excel.Activities",
      "Version": "2.7.2",
      "Dependencies": [
        {
          "Item1": "ClosedXML",
          "Item2": "[0.87.1, )"
        },
        {
          "Item1": "CsvHelper",
          "Item2": "[2.13.5, )"
        },
        {
          "Item1": "DocumentFormat.OpenXml",
          "Item2": "[2.5.0, )"
        },
        {
          "Item1": "Microsoft.VisualStudio.OLE.Interop",
          "Item2": "[7.10.6071, )"
        },
        {
          "Item1": "NPOI",
          "Item2": "[2.4.1, )"
        },
        {
          "Item1": "SharpZipLib",
          "Item2": "[1.0.0, )"
        }
      ]
    },
    "UiPath.GSuite.Activities": {
      "Id": "UiPath.GSuite.Activities",
      "Version": "1.4.2",
      "Dependencies": [
        {
          "Item1": "Google.Apis.Calendar.v3",
          "Item2": "[1.44.0.1872, )"
        },
        {
          "Item1": "Google.Apis.Docs.v1",
          "Item2": "[1.44.0.1877, )"
        },
        {
          "Item1": "Google.Apis.Drive.v3",
          "Item2": "[1.44.0.1863, )"
        },
        {
          "Item1": "Google.Apis.Gmail.v1",
          "Item2": "[1.44.0.1859, )"
        },
        {
          "Item1": "Google.Apis.Sheets.v4",
          "Item2": "[1.44.0.1877, )"
        },
        {
          "Item1": "Microsoft.ApplicationInsights",
          "Item2": "[2.3.0, )"
        },
        {
          "Item1": "MimeKit",
          "Item2": "[2.5.1, )"
        },
        {
          "Item1": "Newtonsoft.Json",
          "Item2": "[12.0.3, )"
        },
        {
          "Item1": "NodaTime",
          "Item2": "[2.4.7, )"
        }
      ]
    },
    "UiPath.Java.Activities": {
      "Id": "UiPath.Java.Activities",
      "Version": "1.0.7053.27728",
      "Dependencies": []
    },
    "UiPath.Mail.Activities": {
      "Id": "UiPath.Mail.Activities",
      "Version": "1.7.2",
      "Dependencies": [
        {
          "Item1": "System.ValueTuple",
          "Item2": "[4.5.0, )"
        },
        {
          "Item1": "Microsoft.Exchange.WebServices",
          "Item2": "[2.2.0, )"
        },
        {
          "Item1": "BouncyCastle",
          "Item2": "[1.8.5, )"
        },
        {
          "Item1": "interop.domino.dll",
          "Item2": "[1.0.0, )"
        }
      ]
    },
    "UiPath.OCR.Contracts": {
      "Id": "UiPath.OCR.Contracts",
      "Version": "2.2.1",
      "Dependencies": []
    },
    "UiPath.System.Activities": {
      "Id": "UiPath.System.Activities",
      "Version": "19.10.1",
      "Dependencies": [
        {
          "Item1": "CsvHelper",
          "Item2": "[2.13.5, )"
        },
        {
          "Item1": "Microsoft.AspNet.SignalR.Client",
          "Item2": "[2.4.0, )"
        },
        {
          "Item1": "Microsoft.Rest.ClientRuntime",
          "Item2": "[2.3.20, )"
        },
        {
          "Item1": "Newtonsoft.Json",
          "Item2": "[11.0.2, )"
        }
      ]
    },
    "UiPath.UIAutomation.Activities": {
      "Id": "UiPath.UIAutomation.Activities",
      "Version": "19.11.0",
      "Dependencies": [
        {
          "Item1": "UiPath",
          "Item2": "[19.10.7275.19994, )"
        },
        {
          "Item1": "UiPath.Vision",
          "Item2": "[2.0.0, )"
        },
        {
          "Item1": "UiPath.OCR.Contracts",
          "Item2": "[2.2.1, )"
        },
        {
          "Item1": "AvalonEdit",
          "Item2": "[5.0.3, )"
        },
        {
          "Item1": "Extended.Wpf.Toolkit",
          "Item2": "[2.8.0, )"
        },
        {
          "Item1": "Humanizer.Core",
          "Item2": "[2.4.2, )"
        },
        {
          "Item1": "Newtonsoft.Json",
          "Item2": "[11.0.2, )"
        }
      ]
    },
    "UiPath.Vision": {
      "Id": "UiPath.Vision",
      "Version": "2.0.0",
      "Dependencies": [
        {
          "Item1": "UiPath.OCR.Contracts",
          "Item2": "[2.2.1, )"
        }
      ]
    },
    "UiPathTeam.Excel.Extensions.Activities": {
      "Id": "UiPathTeam.Excel.Extensions.Activities",
      "Version": "1.0.7107.42453",
      "Dependencies": []
    }
  },
  "AllPackages": [
    {
      "Package": {
        "Id": "AvalonEdit",
        "Version": "5.0.3"
      },
      "Assemblies": [
        "C:\\Users\\robot001\\.nuget\\packages\\avalonedit\\5.0.3\\lib\\Net40\\ICSharpCode.AvalonEdit.dll"
      ],
      "Path": "C:\\Users\\robot001\\.nuget\\packages\\avalonedit\\5.0.3"
    },
    {
      "Package": {
        "Id": "BouncyCastle",
        "Version": "1.8.5"
      },
      "Assemblies": [
        "C:\\Users\\robot001\\.nuget\\packages\\bouncycastle\\1.8.5\\lib\\BouncyCastle.Crypto.dll"
      ],
      "Path": "C:\\Users\\robot001\\.nuget\\packages\\bouncycastle\\1.8.5"
    },
    {
      "Package": {
        "Id": "ClosedXML",
        "Version": "0.87.1"
      },
      "Assemblies": [
        "C:\\Users\\robot001\\.nuget\\packages\\closedxml\\0.87.1\\lib\\net40\\ClosedXML.dll"
      ],
      "Path": "C:\\Users\\robot001\\.nuget\\packages\\closedxml\\0.87.1"
    },
    {
      "Package": {
        "Id": "CreateReportLogsReusable",
        "Version": "1.0.3"
      },
      "Assemblies": [
        "C:\\Users\\robot001\\.nuget\\packages\\createreportlogsreusable\\1.0.3\\lib\\net45\\CreateReportLogsReusable.dll"
      ],
      "Path": "C:\\Users\\robot001\\.nuget\\packages\\createreportlogsreusable\\1.0.3"
    },
    {
      "Package": {
        "Id": "CredentialManagement",
        "Version": "1.0.2"
      },
      "Assemblies": [
        "C:\\Users\\robot001\\.nuget\\packages\\credentialmanagement\\1.0.2\\lib\\net35\\CredentialManagement.dll"
      ],
      "Path": "C:\\Users\\robot001\\.nuget\\packages\\credentialmanagement\\1.0.2"
    },
    {
      "Package": {
        "Id": "CsvHelper",
        "Version": "2.13.5"
      },
      "Assemblies": [
        "C:\\Users\\robot001\\.nuget\\packages\\csvhelper\\2.13.5\\lib\\net40-client\\CsvHelper.dll"
      ],
      "Path": "C:\\Users\\robot001\\.nuget\\packages\\csvhelper\\2.13.5"
    },
    {
      "Package": {
        "Id": "DocumentFormat.OpenXml",
        "Version": "2.5.0"
      },
      "Assemblies": [
        "C:\\Users\\robot001\\.nuget\\packages\\documentformat.openxml\\2.5.0\\lib\\DocumentFormat.OpenXml.dll"
      ],
      "Path": "C:\\Users\\robot001\\.nuget\\packages\\documentformat.openxml\\2.5.0"
    },
    {
      "Package": {
        "Id": "Extended.Wpf.Toolkit",
        "Version": "2.8.0"
      },
      "Assemblies": [
        "C:\\Users\\robot001\\.nuget\\packages\\extended.wpf.toolkit\\2.8.0\\lib\\net40\\Xceed.Wpf.AvalonDock.Themes.Aero.dll",
        "C:\\Users\\robot001\\.nuget\\packages\\extended.wpf.toolkit\\2.8.0\\lib\\net40\\Xceed.Wpf.AvalonDock.Themes.Metro.dll",
        "C:\\Users\\robot001\\.nuget\\packages\\extended.wpf.toolkit\\2.8.0\\lib\\net40\\Xceed.Wpf.AvalonDock.Themes.VS2010.dll",
        "C:\\Users\\robot001\\.nuget\\packages\\extended.wpf.toolkit\\2.8.0\\lib\\net40\\Xceed.Wpf.AvalonDock.dll",
        "C:\\Users\\robot001\\.nuget\\packages\\extended.wpf.toolkit\\2.8.0\\lib\\net40\\Xceed.Wpf.DataGrid.dll",
        "C:\\Users\\robot001\\.nuget\\packages\\extended.wpf.toolkit\\2.8.0\\lib\\net40\\Xceed.Wpf.Toolkit.dll"
      ],
      "Path": "C:\\Users\\robot001\\.nuget\\packages\\extended.wpf.toolkit\\2.8.0"
    },
    {
      "Package": {
        "Id": "Google.Apis",
        "Version": "1.44.0"
      },
      "Assemblies": [
        "C:\\Users\\robot001\\.nuget\\packages\\google.apis\\1.44.0\\lib\\net45\\Google.Apis.PlatformServices.dll",
        "C:\\Users\\robot001\\.nuget\\packages\\google.apis\\1.44.0\\lib\\net45\\Google.Apis.dll"
      ],
      "Path": "C:\\Users\\robot001\\.nuget\\packages\\google.apis\\1.44.0"
    },
    {
      "Package": {
        "Id": "Google.Apis.Auth",
        "Version": "1.44.0"
      },
      "Assemblies": [
        "C:\\Users\\robot001\\.nuget\\packages\\google.apis.auth\\1.44.0\\lib\\net45\\Google.Apis.Auth.PlatformServices.dll",
        "C:\\Users\\robot001\\.nuget\\packages\\google.apis.auth\\1.44.0\\lib\\net45\\Google.Apis.Auth.dll"
      ],
      "Path": "C:\\Users\\robot001\\.nuget\\packages\\google.apis.auth\\1.44.0"
    },
    {
      "Package": {
        "Id": "Google.Apis.Calendar.v3",
        "Version": "1.44.0.1872"
      },
      "Assemblies": [
        "C:\\Users\\robot001\\.nuget\\packages\\google.apis.calendar.v3\\1.44.0.1872\\lib\\net45\\Google.Apis.Calendar.v3.dll"
      ],
      "Path": "C:\\Users\\robot001\\.nuget\\packages\\google.apis.calendar.v3\\1.44.0.1872"
    },
    {
      "Package": {
        "Id": "Google.Apis.Core",
        "Version": "1.44.0"
      },
      "Assemblies": [
        "C:\\Users\\robot001\\.nuget\\packages\\google.apis.core\\1.44.0\\lib\\net45\\Google.Apis.Core.dll"
      ],
      "Path": "C:\\Users\\robot001\\.nuget\\packages\\google.apis.core\\1.44.0"
    },
    {
      "Package": {
        "Id": "Google.Apis.Docs.v1",
        "Version": "1.44.0.1877"
      },
      "Assemblies": [
        "C:\\Users\\robot001\\.nuget\\packages\\google.apis.docs.v1\\1.44.0.1877\\lib\\net45\\Google.Apis.Docs.v1.dll"
      ],
      "Path": "C:\\Users\\robot001\\.nuget\\packages\\google.apis.docs.v1\\1.44.0.1877"
    },
    {
      "Package": {
        "Id": "Google.Apis.Drive.v3",
        "Version": "1.44.0.1863"
      },
      "Assemblies": [
        "C:\\Users\\robot001\\.nuget\\packages\\google.apis.drive.v3\\1.44.0.1863\\lib\\net45\\Google.Apis.Drive.v3.dll"
      ],
      "Path": "C:\\Users\\robot001\\.nuget\\packages\\google.apis.drive.v3\\1.44.0.1863"
    },
    {
      "Package": {
        "Id": "Google.Apis.Gmail.v1",
        "Version": "1.44.0.1859"
      },
      "Assemblies": [
        "C:\\Users\\robot001\\.nuget\\packages\\google.apis.gmail.v1\\1.44.0.1859\\lib\\net45\\Google.Apis.Gmail.v1.dll"
      ],
      "Path": "C:\\Users\\robot001\\.nuget\\packages\\google.apis.gmail.v1\\1.44.0.1859"
    },
    {
      "Package": {
        "Id": "Google.Apis.Sheets.v4",
        "Version": "1.44.0.1877"
      },
      "Assemblies": [
        "C:\\Users\\robot001\\.nuget\\packages\\google.apis.sheets.v4\\1.44.0.1877\\lib\\net45\\Google.Apis.Sheets.v4.dll"
      ],
      "Path": "C:\\Users\\robot001\\.nuget\\packages\\google.apis.sheets.v4\\1.44.0.1877"
    },
    {
      "Package": {
        "Id": "Humanizer.Core",
        "Version": "2.4.2"
      },
      "Assemblies": [
        "C:\\Users\\robot001\\.nuget\\packages\\humanizer.core\\2.4.2\\lib\\netstandard2.0\\Humanizer.dll"
      ],
      "Path": "C:\\Users\\robot001\\.nuget\\packages\\humanizer.core\\2.4.2"
    },
    {
      "Package": {
        "Id": "interop.domino.dll",
        "Version": "1.0.0"
      },
      "Assemblies": [
        "C:\\Users\\robot001\\.nuget\\packages\\interop.domino.dll\\1.0.0\\lib\\Interop.Domino.dll"
      ],
      "Path": "C:\\Users\\robot001\\.nuget\\packages\\interop.domino.dll\\1.0.0"
    },
    {
      "Package": {
        "Id": "Microsoft.ApplicationInsights",
        "Version": "2.3.0"
      },
      "Assemblies": [
        "C:\\Users\\robot001\\.nuget\\packages\\microsoft.applicationinsights\\2.3.0\\lib\\net46\\Microsoft.ApplicationInsights.dll"
      ],
      "Path": "C:\\Users\\robot001\\.nuget\\packages\\microsoft.applicationinsights\\2.3.0"
    },
    {
      "Package": {
        "Id": "Microsoft.AspNet.SignalR.Client",
        "Version": "2.4.0"
      },
      "Assemblies": [
        "C:\\Users\\robot001\\.nuget\\packages\\microsoft.aspnet.signalr.client\\2.4.0\\lib\\net45\\Microsoft.AspNet.SignalR.Client.dll"
      ],
      "Path": "C:\\Users\\robot001\\.nuget\\packages\\microsoft.aspnet.signalr.client\\2.4.0"
    },
    {
      "Package": {
        "Id": "Microsoft.Exchange.WebServices",
        "Version": "2.2.0"
      },
      "Assemblies": [
        "C:\\Users\\robot001\\.nuget\\packages\\microsoft.exchange.webservices\\2.2.0\\lib\\40\\Microsoft.Exchange.WebServices.Auth.dll",
        "C:\\Users\\robot001\\.nuget\\packages\\microsoft.exchange.webservices\\2.2.0\\lib\\40\\Microsoft.Exchange.WebServices.dll"
      ],
      "Path": "C:\\Users\\robot001\\.nuget\\packages\\microsoft.exchange.webservices\\2.2.0"
    },
    {
      "Package": {
        "Id": "Microsoft.Rest.ClientRuntime",
        "Version": "2.3.20"
      },
      "Assemblies": [
        "C:\\Users\\robot001\\.nuget\\packages\\microsoft.rest.clientruntime\\2.3.20\\lib\\net461\\Microsoft.Rest.ClientRuntime.dll"
      ],
      "Path": "C:\\Users\\robot001\\.nuget\\packages\\microsoft.rest.clientruntime\\2.3.20"
    },
    {
      "Package": {
        "Id": "Microsoft.VisualStudio.OLE.Interop",
        "Version": "7.10.6071"
      },
      "Assemblies": [
        "C:\\Users\\robot001\\.nuget\\packages\\microsoft.visualstudio.ole.interop\\7.10.6071\\lib\\Microsoft.VisualStudio.OLE.Interop.dll"
      ],
      "Path": "C:\\Users\\robot001\\.nuget\\packages\\microsoft.visualstudio.ole.interop\\7.10.6071"
    },
    {
      "Package": {
        "Id": "MimeKit",
        "Version": "2.5.1"
      },
      "Assemblies": [
        "C:\\Users\\robot001\\.nuget\\packages\\mimekit\\2.5.1\\lib\\net46\\MimeKit.dll"
      ],
      "Path": "C:\\Users\\robot001\\.nuget\\packages\\mimekit\\2.5.1"
    },
    {
      "Package": {
        "Id": "Newtonsoft.Json",
        "Version": "12.0.3"
      },
      "Assemblies": [
        "C:\\Users\\robot001\\.nuget\\packages\\newtonsoft.json\\12.0.3\\lib\\net45\\Newtonsoft.Json.dll"
      ],
      "Path": "C:\\Users\\robot001\\.nuget\\packages\\newtonsoft.json\\12.0.3"
    },
    {
      "Package": {
        "Id": "NodaTime",
        "Version": "2.4.7"
      },
      "Assemblies": [
        "C:\\Users\\robot001\\.nuget\\packages\\nodatime\\2.4.7\\lib\\net45\\NodaTime.dll"
      ],
      "Path": "C:\\Users\\robot001\\.nuget\\packages\\nodatime\\2.4.7"
    },
    {
      "Package": {
        "Id": "NPOI",
        "Version": "2.4.1"
      },
      "Assemblies": [
        "C:\\Users\\robot001\\.nuget\\packages\\npoi\\2.4.1\\lib\\net45\\NPOI.OOXML.dll",
        "C:\\Users\\robot001\\.nuget\\packages\\npoi\\2.4.1\\lib\\net45\\NPOI.OpenXml4Net.dll",
        "C:\\Users\\robot001\\.nuget\\packages\\npoi\\2.4.1\\lib\\net45\\NPOI.OpenXmlFormats.dll",
        "C:\\Users\\robot001\\.nuget\\packages\\npoi\\2.4.1\\lib\\net45\\NPOI.dll"
      ],
      "Path": "C:\\Users\\robot001\\.nuget\\packages\\npoi\\2.4.1"
    },
    {
      "Package": {
        "Id": "SharpZipLib",
        "Version": "1.0.0"
      },
      "Assemblies": [
        "C:\\Users\\robot001\\.nuget\\packages\\sharpziplib\\1.0.0\\lib\\net45\\ICSharpCode.SharpZipLib.dll"
      ],
      "Path": "C:\\Users\\robot001\\.nuget\\packages\\sharpziplib\\1.0.0"
    },
    {
      "Package": {
        "Id": "System.ValueTuple",
        "Version": "4.5.0"
      },
      "Assemblies": [
        "C:\\Users\\robot001\\.nuget\\packages\\system.valuetuple\\4.5.0\\lib\\net461\\System.ValueTuple.dll"
      ],
      "Path": "C:\\Users\\robot001\\.nuget\\packages\\system.valuetuple\\4.5.0"
    },
    {
      "Package": {
        "Id": "UiPath",
        "Version": "19.10.7275.19994"
      },
      "Assemblies": [
        "C:\\Users\\robot001\\.nuget\\packages\\uipath\\19.10.7275.19994\\lib\\UiPath.Interop.dll"
      ],
      "Path": "C:\\Users\\robot001\\.nuget\\packages\\uipath\\19.10.7275.19994"
    },
    {
      "Package": {
        "Id": "UiPath.Credentials.Activities",
        "Version": "1.1.6479.13204"
      },
      "Assemblies": [
        "C:\\Users\\robot001\\.nuget\\packages\\uipath.credentials.activities\\1.1.6479.13204\\lib\\net40-client\\UiPath.Credentials.Activities.dll"
      ],
      "Path": "C:\\Users\\robot001\\.nuget\\packages\\uipath.credentials.activities\\1.1.6479.13204"
    },
    {
      "Package": {
        "Id": "UiPath.Excel.Activities",
        "Version": "2.7.2"
      },
      "Assemblies": [
        "C:\\Users\\robot001\\.nuget\\packages\\uipath.excel.activities\\2.7.2\\lib\\net461\\UiPath.Excel.Activities.Design.dll",
        "C:\\Users\\robot001\\.nuget\\packages\\uipath.excel.activities\\2.7.2\\lib\\net461\\UiPath.Excel.Activities.dll",
        "C:\\Users\\robot001\\.nuget\\packages\\uipath.excel.activities\\2.7.2\\lib\\net461\\UiPath.Excel.dll"
      ],
      "Path": "C:\\Users\\robot001\\.nuget\\packages\\uipath.excel.activities\\2.7.2"
    },
    {
      "Package": {
        "Id": "UiPath.GSuite.Activities",
        "Version": "1.4.2"
      },
      "Assemblies": [
        "C:\\Users\\robot001\\.nuget\\packages\\uipath.gsuite.activities\\1.4.2\\lib\\net461\\UiPath.GSuite.Activities.Design.dll",
        "C:\\Users\\robot001\\.nuget\\packages\\uipath.gsuite.activities\\1.4.2\\lib\\net461\\UiPath.GSuite.Activities.dll",
        "C:\\Users\\robot001\\.nuget\\packages\\uipath.gsuite.activities\\1.4.2\\lib\\net461\\UiPath.GSuite.dll",
        "C:\\Users\\robot001\\.nuget\\packages\\uipath.gsuite.activities\\1.4.2\\lib\\net461\\UiPath.Orchestrator.dll"
      ],
      "Path": "C:\\Users\\robot001\\.nuget\\packages\\uipath.gsuite.activities\\1.4.2"
    },
    {
      "Package": {
        "Id": "UiPath.Java.Activities",
        "Version": "1.0.7053.27728"
      },
      "Assemblies": [
        "C:\\Users\\robot001\\.nuget\\packages\\uipath.java.activities\\1.0.7053.27728\\lib\\net452\\UiPath.Java.Activities.Design.dll",
        "C:\\Users\\robot001\\.nuget\\packages\\uipath.java.activities\\1.0.7053.27728\\lib\\net452\\UiPath.Java.Activities.dll",
        "C:\\Users\\robot001\\.nuget\\packages\\uipath.java.activities\\1.0.7053.27728\\lib\\net452\\UiPath.Java.dll"
      ],
      "Path": "C:\\Users\\robot001\\.nuget\\packages\\uipath.java.activities\\1.0.7053.27728"
    },
    {
      "Package": {
        "Id": "UiPath.Mail.Activities",
        "Version": "1.7.2"
      },
      "Assemblies": [
        "C:\\Users\\robot001\\.nuget\\packages\\uipath.mail.activities\\1.7.2\\lib\\net461\\MailKit.dll",
        "C:\\Users\\robot001\\.nuget\\packages\\uipath.mail.activities\\1.7.2\\lib\\net461\\MimeKit.dll",
        "C:\\Users\\robot001\\.nuget\\packages\\uipath.mail.activities\\1.7.2\\lib\\net461\\UiPath.Mail.Activities.Design.dll",
        "C:\\Users\\robot001\\.nuget\\packages\\uipath.mail.activities\\1.7.2\\lib\\net461\\UiPath.Mail.Activities.dll",
        "C:\\Users\\robot001\\.nuget\\packages\\uipath.mail.activities\\1.7.2\\lib\\net461\\UiPath.Mail.dll"
      ],
      "Path": "C:\\Users\\robot001\\.nuget\\packages\\uipath.mail.activities\\1.7.2"
    },
    {
      "Package": {
        "Id": "UiPath.OCR.Contracts",
        "Version": "2.2.1"
      },
      "Assemblies": [
        "C:\\Users\\robot001\\.nuget\\packages\\uipath.ocr.contracts\\2.2.1\\lib\\net45\\UiPath.OCR.Contracts.dll"
      ],
      "Path": "C:\\Users\\robot001\\.nuget\\packages\\uipath.ocr.contracts\\2.2.1"
    },
    {
      "Package": {
        "Id": "UiPath.System.Activities",
        "Version": "19.10.1"
      },
      "Assemblies": [
        "C:\\Users\\robot001\\.nuget\\packages\\uipath.system.activities\\19.10.1\\lib\\net461\\ActiproSoftware.Docking.Wpf.dll",
        "C:\\Users\\robot001\\.nuget\\packages\\uipath.system.activities\\19.10.1\\lib\\net461\\ActiproSoftware.Ribbon.Wpf.dll",
        "C:\\Users\\robot001\\.nuget\\packages\\uipath.system.activities\\19.10.1\\lib\\net461\\ActiproSoftware.Shared.Wpf.dll",
        "C:\\Users\\robot001\\.nuget\\packages\\uipath.system.activities\\19.10.1\\lib\\net461\\ActiproSoftware.SyntaxEditor.Addons.DotNet.Wpf.dll",
        "C:\\Users\\robot001\\.nuget\\packages\\uipath.system.activities\\19.10.1\\lib\\net461\\ActiproSoftware.SyntaxEditor.Wpf.dll",
        "C:\\Users\\robot001\\.nuget\\packages\\uipath.system.activities\\19.10.1\\lib\\net461\\ActiproSoftware.Text.Addons.DotNet.Wpf.dll",
        "C:\\Users\\robot001\\.nuget\\packages\\uipath.system.activities\\19.10.1\\lib\\net461\\ActiproSoftware.Text.LLParser.Wpf.dll",
        "C:\\Users\\robot001\\.nuget\\packages\\uipath.system.activities\\19.10.1\\lib\\net461\\ActiproSoftware.Text.Wpf.dll",
        "C:\\Users\\robot001\\.nuget\\packages\\uipath.system.activities\\19.10.1\\lib\\net461\\ActiproSoftware.Wizard.Wpf.dll",
        "C:\\Users\\robot001\\.nuget\\packages\\uipath.system.activities\\19.10.1\\lib\\net461\\CustomInputForm.exe",
        "C:\\Users\\robot001\\.nuget\\packages\\uipath.system.activities\\19.10.1\\lib\\net461\\UiPath.OrchestratorClient.dll",
        "C:\\Users\\robot001\\.nuget\\packages\\uipath.system.activities\\19.10.1\\lib\\net461\\UiPath.System.Activities.Design.dll",
        "C:\\Users\\robot001\\.nuget\\packages\\uipath.system.activities\\19.10.1\\lib\\net461\\UiPath.System.Activities.dll"
      ],
      "Path": "C:\\Users\\robot001\\.nuget\\packages\\uipath.system.activities\\19.10.1"
    },
    {
      "Package": {
        "Id": "UiPath.UIAutomation.Activities",
        "Version": "19.11.0"
      },
      "Assemblies": [
        "C:\\Users\\robot001\\.nuget\\packages\\uipath.uiautomation.activities\\19.11.0\\lib\\net461\\ActiproSoftware.DataGrid.Contrib.Wpf.dll",
        "C:\\Users\\robot001\\.nuget\\packages\\uipath.uiautomation.activities\\19.11.0\\lib\\net461\\ActiproSoftware.Docking.Wpf.dll",
        "C:\\Users\\robot001\\.nuget\\packages\\uipath.uiautomation.activities\\19.11.0\\lib\\net461\\ActiproSoftware.Editors.Wpf.dll",
        "C:\\Users\\robot001\\.nuget\\packages\\uipath.uiautomation.activities\\19.11.0\\lib\\net461\\ActiproSoftware.Ribbon.Wpf.dll",
        "C:\\Users\\robot001\\.nuget\\packages\\uipath.uiautomation.activities\\19.11.0\\lib\\net461\\ActiproSoftware.Shared.Wpf.dll",
        "C:\\Users\\robot001\\.nuget\\packages\\uipath.uiautomation.activities\\19.11.0\\lib\\net461\\ActiproSoftware.SyntaxEditor.Addons.DotNet.Wpf.dll",
        "C:\\Users\\robot001\\.nuget\\packages\\uipath.uiautomation.activities\\19.11.0\\lib\\net461\\ActiproSoftware.SyntaxEditor.Wpf.dll",
        "C:\\Users\\robot001\\.nuget\\packages\\uipath.uiautomation.activities\\19.11.0\\lib\\net461\\ActiproSoftware.Text.Addons.DotNet.Wpf.dll",
        "C:\\Users\\robot001\\.nuget\\packages\\uipath.uiautomation.activities\\19.11.0\\lib\\net461\\ActiproSoftware.Text.LLParser.Wpf.dll",
        "C:\\Users\\robot001\\.nuget\\packages\\uipath.uiautomation.activities\\19.11.0\\lib\\net461\\ActiproSoftware.Text.Wpf.dll",
        "C:\\Users\\robot001\\.nuget\\packages\\uipath.uiautomation.activities\\19.11.0\\lib\\net461\\ActiproSoftware.Wizard.Wpf.dll",
        "C:\\Users\\robot001\\.nuget\\packages\\uipath.uiautomation.activities\\19.11.0\\lib\\net461\\UiPath.CV.Activities.Design.dll",
        "C:\\Users\\robot001\\.nuget\\packages\\uipath.uiautomation.activities\\19.11.0\\lib\\net461\\UiPath.CV.Activities.dll",
        "C:\\Users\\robot001\\.nuget\\packages\\uipath.uiautomation.activities\\19.11.0\\lib\\net461\\UiPath.CV.dll",
        "C:\\Users\\robot001\\.nuget\\packages\\uipath.uiautomation.activities\\19.11.0\\lib\\net461\\UiPath.UIAutomation.Activities.Design.dll",
        "C:\\Users\\robot001\\.nuget\\packages\\uipath.uiautomation.activities\\19.11.0\\lib\\net461\\UiPath.UiAutomation.Activities.dll",
        "C:\\Users\\robot001\\.nuget\\packages\\uipath.uiautomation.activities\\19.11.0\\lib\\net461\\UiPath.Wizards.dll"
      ],
      "Path": "C:\\Users\\robot001\\.nuget\\packages\\uipath.uiautomation.activities\\19.11.0"
    },
    {
      "Package": {
        "Id": "UiPath.Vision",
        "Version": "2.0.0"
      },
      "Assemblies": [
        "C:\\Users\\robot001\\.nuget\\packages\\uipath.vision\\2.0.0\\lib\\net452\\UiPath.Vision.Core.dll",
        "C:\\Users\\robot001\\.nuget\\packages\\uipath.vision\\2.0.0\\lib\\net452\\UiPath.Vision.dll"
      ],
      "Path": "C:\\Users\\robot001\\.nuget\\packages\\uipath.vision\\2.0.0"
    },
    {
      "Package": {
        "Id": "UiPathTeam.Excel.Extensions.Activities",
        "Version": "1.0.7107.42453"
      },
      "Assemblies": [
        "C:\\Users\\robot001\\.nuget\\packages\\uipathteam.excel.extensions.activities\\1.0.7107.42453\\lib\\net451\\Excel.Activites.Design.dll",
        "C:\\Users\\robot001\\.nuget\\packages\\uipathteam.excel.extensions.activities\\1.0.7107.42453\\lib\\net451\\Excel.Activities.dll"
      ],
      "Path": "C:\\Users\\robot001\\.nuget\\packages\\uipathteam.excel.extensions.activities\\1.0.7107.42453"
    }
  ]
}