{"ProjectBreakpoints":"{\"Value\":{\"Oracle/Oracle_ReceiptsSummary_SearchAndApplyLoop.xaml\":[{\"ConditionalExpression\":null,\"ActionExpression\":null,\"ExpectedHitCounter\":null,\"ShouldContinueAfterAction\":false,\"IsEnabled\":true,\"ActivityIdRef\":\"SendHotkey_4\",\"ActivityId\":\"1.27\",\"ActivityName\":\"Send pgup hotkey\"}]}}","ProjectWatches":"{\"Value\":[]}","OpenedDocuments":"[\"Oracle/Oracle_Login.xaml\",\"_Test.xaml\"]","LibraryProjectSettings":"{\"IncludeSourcesByDefault\":true,\"DefaultActivitiesRootCategories\":[null]}"}